,Name,MC_USD_Billion,MC_GBP_Billion,MC_EUR_Billion,MC_INR_Billion
0,JPMorgan Chase,432.92,346.34,402.62,35910.71
1,Bank of America,231.52,185.22,215.31,19204.58
2,Industrial and Commercial Bank of China,194.56,155.65,180.94,16138.75
3,Agricultural Bank of China,160.68,128.54,149.43,13328.41
4,HDFC Bank,157.91,126.33,146.86,13098.63
5,Wells Fargo,155.87,124.7,144.96,12929.42
6,HSBC,148.9,119.12,138.48,12351.26
7,Morgan Stanley,140.83,112.66,130.97,11681.85
8,China Construction Bank,139.82,111.86,130.03,11598.07
9,Bank of China,136.81,109.45,127.23,11348.39
10,JPMorgan Chase,432.92,346.34,402.62,35910.71
11,Bank of America,231.52,185.22,215.31,19204.58
12,Industrial and Commercial Bank of China,194.56,155.65,180.94,16138.75
13,Agricultural Bank of China,160.68,128.54,149.43,13328.41
14,HDFC Bank,157.91,126.33,146.86,13098.63
15,Wells Fargo,155.87,124.7,144.96,12929.42
16,HSBC,148.9,119.12,138.48,12351.26
17,Morgan Stanley,140.83,112.66,130.97,11681.85
18,China Construction Bank,139.82,111.86,130.03,11598.07
19,Bank of China,136.81,109.45,127.23,11348.39
