,Film,Rotten Tomatoes' Top 100,Year
0,The Godfather,17,
1,Citizen Kane,2,
2,Casablanca,8,
3,"The Godfather, Part II",99,
4,Singin' in the Rain,52,
5,Psycho,88,
6,Rear Window,47,
7,Apocalypse Now,unranked,
8,2001: A Space Odyssey,unranked,
9,Seven Samurai,49,
10,Vertigo,unranked,
11,Sunset Blvd,21,
12,Modern Times,4,
13,Lawrence of Arabia,unranked,
14,North by Northwest,79,
15,Star Wars,unranked,
16,Parasite,6,
17,,,2019.0
18,Schindler's List,unranked,
19,Lord of the Rings: The Fellowship of the Ring,unranked,
20,,,2001.0
21,Shawshank Redemption,unranked,
